Tracked Team,Tracked Team Rating,Date,Opponent,Tracked Team Score,Opponent Score,Result,Tournament
Spain,2157,2024-06-24,Albania,1,0,Spain 1 - 0 Albania,European Championship
Spain,2157,2024-06-30,Georgia,4,1,Spain 4 - 1 Georgia,European Championship
Spain,2157,2024-07-05,Germany,2,1,Spain 2 - 1 Germany,European Championship
Spain,2157,2024-07-09,France,2,1,Spain 2 - 1 France,European Championship
Spain,2157,2024-07-14,England,2,1,Spain 2 - 1 England,European Championship
Spain,2157,2024-09-05,Serbia,0,0,Spain 0 - 0 Serbia,European Nations League A
Spain,2157,2024-09-08,Switzerland,4,1,Spain 4 - 1 Switzerland,European Nations League A
Spain,2157,2024-10-12,Denmark,1,0,Spain 1 - 0 Denmark,European Nations League A
Spain,2157,2024-10-15,Serbia,3,0,Spain 3 - 0 Serbia,European Nations League A
Spain,2157,2024-11-15,Denmark,2,1,Spain 2 - 1 Denmark,European Nations League A
Spain,2157,2024-11-18,Switzerland,3,2,Spain 3 - 2 Switzerland,European Nations League A
Spain,2157,2025-03-20,Netherlands,2,2,Spain 2 - 2 Netherlands,European Nations League
Spain,2157,2025-03-23,Netherlands,3,3,Spain 3 - 3 Netherlands,European Nations League
Spain,2157,2025-06-05,France,5,4,Spain 5 - 4 France,European Nations League
Spain,2157,2025-06-08,Portugal,2,2,Spain 2 - 2 Portugal,European Nations League
Spain,2157,2025-09-04,Bulgaria,3,0,Spain 3 - 0 Bulgaria,World Cup qualifier
Spain,2157,2025-09-07,Turkey,6,0,Spain 6 - 0 Turkey,World Cup qualifier
Spain,2157,2025-10-11,Georgia,2,0,Spain 2 - 0 Georgia,World Cup qualifier
Spain,2157,2025-10-14,Bulgaria,4,0,Spain 4 - 0 Bulgaria,World Cup qualifier
Spain,2157,2025-11-15,Georgia,4,0,Spain 4 - 0 Georgia,World Cup qualifier
Spain,2157,2025-11-18,Turkey,2,2,Spain 2 - 2 Turkey,World Cup qualifier
Spain,2157,2026-03-27,Serbia,3,0,Spain 3 - 0 Serbia,Friendly
Spain,2157,2026-03-31,Egypt,0,0,Spain 0 - 0 Egypt,Friendly
Spain,2157,2026-06-04,Iraq,1,1,Spain 1 - 1 Iraq,Friendly
Spain,2157,2026-06-08,Peru,3,1,Spain 3 - 1 Peru,Friendly
Argentina,2115,2024-06-20,Canada,2,0,Argentina 2 - 0 Canada,Copa America
Argentina,2115,2024-06-25,Chile,1,0,Argentina 1 - 0 Chile,Copa America
Argentina,2115,2024-06-29,Peru,2,0,Argentina 2 - 0 Peru,Copa America
Argentina,2115,2024-07-04,Ecuador,1,1,Argentina 1 - 1 Ecuador,Copa America
Argentina,2115,2024-07-09,Canada,2,0,Argentina 2 - 0 Canada,Copa America
Argentina,2115,2024-07-14,Colombia,1,0,Argentina 1 - 0 Colombia,Copa America
Argentina,2115,2024-09-05,Chile,3,0,Argentina 3 - 0 Chile,World Cup qualifier
Argentina,2115,2024-09-10,Colombia,1,2,Argentina 1 - 2 Colombia,World Cup qualifier
Argentina,2115,2024-10-10,Venezuela,1,1,Argentina 1 - 1 Venezuela,World Cup qualifier
Argentina,2115,2024-10-15,Bolivia,6,0,Argentina 6 - 0 Bolivia,World Cup qualifier
Argentina,2115,2024-11-14,Paraguay,1,2,Argentina 1 - 2 Paraguay,World Cup qualifier
Argentina,2115,2024-11-19,Peru,1,0,Argentina 1 - 0 Peru,World Cup qualifier
Argentina,2115,2025-03-21,Uruguay,1,0,Argentina 1 - 0 Uruguay,World Cup qualifier
Argentina,2115,2025-03-25,Brazil,4,1,Argentina 4 - 1 Brazil,World Cup qualifier
Argentina,2115,2025-06-05,Chile,1,0,Argentina 1 - 0 Chile,World Cup qualifier
Argentina,2115,2025-06-10,Colombia,1,1,Argentina 1 - 1 Colombia,World Cup qualifier
Argentina,2115,2025-09-04,Venezuela,3,0,Argentina 3 - 0 Venezuela,World Cup qualifier
Argentina,2115,2025-09-09,Ecuador,0,1,Argentina 0 - 1 Ecuador,World Cup qualifier
Argentina,2115,2025-10-10,Venezuela,1,0,Argentina 1 - 0 Venezuela,Friendly
Argentina,2115,2025-10-14,Puerto Rico,6,0,Argentina 6 - 0 Puerto Rico,Friendly
Argentina,2115,2025-11-14,Angola,2,0,Argentina 2 - 0 Angola,Friendly
Argentina,2115,2026-03-27,Mauritania,2,1,Argentina 2 - 1 Mauritania,Friendly
Argentina,2115,2026-03-31,Zambia,5,0,Argentina 5 - 0 Zambia,Friendly
Argentina,2115,2026-06-06,Honduras,2,0,Argentina 2 - 0 Honduras,Friendly
Argentina,2115,2026-06-09,Iceland,3,0,Argentina 3 - 0 Iceland,Friendly
France,2063,2024-06-21,Netherlands,0,0,France 0 - 0 Netherlands,European Championship
France,2063,2024-06-25,Poland,1,1,France 1 - 1 Poland,European Championship
France,2063,2024-07-01,Belgium,1,0,France 1 - 0 Belgium,European Championship
France,2063,2024-07-05,Portugal,0,0,France 0 - 0 Portugal,European Championship
France,2063,2024-07-09,Spain,1,2,France 1 - 2 Spain,European Championship
France,2063,2024-09-06,Italy,1,3,France 1 - 3 Italy,European Nations League A
France,2063,2024-09-09,Belgium,2,0,France 2 - 0 Belgium,European Nations League A
France,2063,2024-10-10,Israel,4,1,France 4 - 1 Israel,European Nations League A
France,2063,2024-10-14,Belgium,2,1,France 2 - 1 Belgium,European Nations League A
France,2063,2024-11-14,Israel,0,0,France 0 - 0 Israel,European Nations League A
France,2063,2024-11-17,Italy,3,1,France 3 - 1 Italy,European Nations League A
France,2063,2025-03-20,Croatia,0,2,France 0 - 2 Croatia,European Nations League
France,2063,2025-03-23,Croatia,2,0,France 2 - 0 Croatia,European Nations League
France,2063,2025-06-05,Spain,4,5,France 4 - 5 Spain,European Nations League
France,2063,2025-06-08,Germany,2,0,France 2 - 0 Germany,European Nations League
France,2063,2025-09-05,Ukraine,2,0,France 2 - 0 Ukraine,World Cup qualifier
France,2063,2025-09-09,Iceland,2,1,France 2 - 1 Iceland,World Cup qualifier
France,2063,2025-10-10,Azerbaijan,3,0,France 3 - 0 Azerbaijan,World Cup qualifier
France,2063,2025-10-13,Iceland,2,2,France 2 - 2 Iceland,World Cup qualifier
France,2063,2025-11-13,Ukraine,4,0,France 4 - 0 Ukraine,World Cup qualifier
France,2063,2025-11-16,Azerbaijan,3,1,France 3 - 1 Azerbaijan,World Cup qualifier
France,2063,2026-03-26,Brazil,2,1,France 2 - 1 Brazil,Friendly
France,2063,2026-03-29,Colombia,3,1,France 3 - 1 Colombia,Friendly
France,2063,2026-06-04,Ivory Coast,1,2,France 1 - 2 Ivory Coast,Friendly
France,2063,2026-06-08,Northern Ireland,3,1,France 3 - 1 Northern Ireland,Friendly
England,2024,2024-06-25,Slovenia,0,0,England 0 - 0 Slovenia,European Championship
England,2024,2024-06-30,Slovakia,2,1,England 2 - 1 Slovakia,European Championship
England,2024,2024-07-06,Switzerland,1,1,England 1 - 1 Switzerland,European Championship
England,2024,2024-07-10,Netherlands,2,1,England 2 - 1 Netherlands,European Championship
England,2024,2024-07-14,Spain,1,2,England 1 - 2 Spain,European Championship
England,2024,2024-09-07,Ireland,2,0,England 2 - 0 Ireland,European Nations League B
England,2024,2024-09-10,Finland,2,0,England 2 - 0 Finland,European Nations League B
England,2024,2024-10-10,Greece,1,2,England 1 - 2 Greece,European Nations League B
England,2024,2024-10-13,Finland,3,1,England 3 - 1 Finland,European Nations League B
England,2024,2024-11-14,Greece,3,0,England 3 - 0 Greece,European Nations League B
England,2024,2024-11-17,Ireland,5,0,England 5 - 0 Ireland,European Nations League B
England,2024,2025-03-21,Albania,2,0,England 2 - 0 Albania,World Cup qualifier
England,2024,2025-03-24,Latvia,3,0,England 3 - 0 Latvia,World Cup qualifier
England,2024,2025-06-07,Andorra,1,0,England 1 - 0 Andorra,World Cup qualifier
England,2024,2025-06-10,Senegal,1,3,England 1 - 3 Senegal,Friendly
England,2024,2025-09-06,Andorra,2,0,England 2 - 0 Andorra,World Cup qualifier
England,2024,2025-09-09,Serbia,5,0,England 5 - 0 Serbia,World Cup qualifier
England,2024,2025-10-09,Wales,3,0,England 3 - 0 Wales,Friendly
England,2024,2025-10-14,Latvia,5,0,England 5 - 0 Latvia,World Cup qualifier
England,2024,2025-11-13,Serbia,2,0,England 2 - 0 Serbia,World Cup qualifier
England,2024,2025-11-16,Albania,2,0,England 2 - 0 Albania,World Cup qualifier
England,2024,2026-03-27,Uruguay,1,1,England 1 - 1 Uruguay,Friendly
England,2024,2026-03-31,Japan,0,1,England 0 - 1 Japan,Friendly
England,2024,2026-06-06,New Zealand,1,0,England 1 - 0 New Zealand,Friendly
England,2024,2026-06-10,Costa Rica,3,0,England 3 - 0 Costa Rica,Friendly
Brazil,1991,2024-06-12,United States,1,1,Brazil 1 - 1 United States,Friendly
Brazil,1991,2024-06-24,Costa Rica,0,0,Brazil 0 - 0 Costa Rica,Copa America
Brazil,1991,2024-06-28,Paraguay,4,1,Brazil 4 - 1 Paraguay,Copa America
Brazil,1991,2024-07-02,Colombia,1,1,Brazil 1 - 1 Colombia,Copa America
Brazil,1991,2024-07-06,Uruguay,0,0,Brazil 0 - 0 Uruguay,Copa America
Brazil,1991,2024-09-06,Ecuador,1,0,Brazil 1 - 0 Ecuador,World Cup qualifier
Brazil,1991,2024-09-10,Paraguay,0,1,Brazil 0 - 1 Paraguay,World Cup qualifier
Brazil,1991,2024-10-10,Chile,2,1,Brazil 2 - 1 Chile,World Cup qualifier
Brazil,1991,2024-10-15,Peru,4,0,Brazil 4 - 0 Peru,World Cup qualifier
Brazil,1991,2024-11-14,Venezuela,1,1,Brazil 1 - 1 Venezuela,World Cup qualifier
Brazil,1991,2024-11-19,Uruguay,1,1,Brazil 1 - 1 Uruguay,World Cup qualifier
Brazil,1991,2025-03-20,Colombia,2,1,Brazil 2 - 1 Colombia,World Cup qualifier
Brazil,1991,2025-03-25,Argentina,1,4,Brazil 1 - 4 Argentina,World Cup qualifier
Brazil,1991,2025-06-05,Ecuador,0,0,Brazil 0 - 0 Ecuador,World Cup qualifier
Brazil,1991,2025-06-10,Paraguay,1,0,Brazil 1 - 0 Paraguay,World Cup qualifier
Brazil,1991,2025-09-04,Chile,3,0,Brazil 3 - 0 Chile,World Cup qualifier
Brazil,1991,2025-09-09,Bolivia,0,1,Brazil 0 - 1 Bolivia,World Cup qualifier
Brazil,1991,2025-10-10,South Korea,5,0,Brazil 5 - 0 South Korea,Friendly
Brazil,1991,2025-10-14,Japan,2,3,Brazil 2 - 3 Japan,Friendly
Brazil,1991,2025-11-15,Senegal,2,0,Brazil 2 - 0 Senegal,Friendly
Brazil,1991,2025-11-18,Tunisia,1,1,Brazil 1 - 1 Tunisia,Friendly
Brazil,1991,2026-03-26,France,1,2,Brazil 1 - 2 France,Friendly
Brazil,1991,2026-03-31,Croatia,3,1,Brazil 3 - 1 Croatia,Friendly
Brazil,1991,2026-05-31,Panama,6,2,Brazil 6 - 2 Panama,Friendly
Brazil,1991,2026-06-06,Egypt,2,1,Brazil 2 - 1 Egypt,Friendly
Portugal,1989,2024-06-18,Czechia,2,1,Portugal 2 - 1 Czechia,European Championship
Portugal,1989,2024-06-22,Turkey,3,0,Portugal 3 - 0 Turkey,European Championship
Portugal,1989,2024-06-26,Georgia,0,2,Portugal 0 - 2 Georgia,European Championship
Portugal,1989,2024-07-01,Slovenia,0,0,Portugal 0 - 0 Slovenia,European Championship
Portugal,1989,2024-07-05,France,0,0,Portugal 0 - 0 France,European Championship
Portugal,1989,2024-09-05,Croatia,2,1,Portugal 2 - 1 Croatia,European Nations League A
Portugal,1989,2024-09-08,Scotland,2,1,Portugal 2 - 1 Scotland,European Nations League A
Portugal,1989,2024-10-12,Poland,3,1,Portugal 3 - 1 Poland,European Nations League A
Portugal,1989,2024-10-15,Scotland,0,0,Portugal 0 - 0 Scotland,European Nations League A
Portugal,1989,2024-11-15,Poland,5,1,Portugal 5 - 1 Poland,European Nations League A
Portugal,1989,2024-11-18,Croatia,1,1,Portugal 1 - 1 Croatia,European Nations League A
Portugal,1989,2025-03-20,Denmark,0,1,Portugal 0 - 1 Denmark,European Nations League
Portugal,1989,2025-03-23,Denmark,5,2,Portugal 5 - 2 Denmark,European Nations League
Portugal,1989,2025-06-04,Germany,2,1,Portugal 2 - 1 Germany,European Nations League
Portugal,1989,2025-06-08,Spain,2,2,Portugal 2 - 2 Spain,European Nations League
Portugal,1989,2025-09-06,Armenia,5,0,Portugal 5 - 0 Armenia,World Cup qualifier
Portugal,1989,2025-09-09,Hungary,3,2,Portugal 3 - 2 Hungary,World Cup qualifier
Portugal,1989,2025-10-11,Ireland,1,0,Portugal 1 - 0 Ireland,World Cup qualifier
Portugal,1989,2025-10-14,Hungary,2,2,Portugal 2 - 2 Hungary,World Cup qualifier
Portugal,1989,2025-11-13,Ireland,0,2,Portugal 0 - 2 Ireland,World Cup qualifier
Portugal,1989,2025-11-16,Armenia,9,1,Portugal 9 - 1 Armenia,World Cup qualifier
Portugal,1989,2026-03-28,Mexico,0,0,Portugal 0 - 0 Mexico,Friendly
Portugal,1989,2026-03-31,United States,2,0,Portugal 2 - 0 United States,Friendly
Portugal,1989,2026-06-06,Chile,2,1,Portugal 2 - 1 Chile,Friendly
Portugal,1989,2026-06-10,Nigeria,2,1,Portugal 2 - 1 Nigeria,Friendly
Colombia,1982,2024-06-28,Costa Rica,3,0,Colombia 3 - 0 Costa Rica,Copa America
Colombia,1982,2024-07-02,Brazil,1,1,Colombia 1 - 1 Brazil,Copa America
Colombia,1982,2024-07-06,Panama,5,0,Colombia 5 - 0 Panama,Copa America
Colombia,1982,2024-07-10,Uruguay,1,0,Colombia 1 - 0 Uruguay,Copa America
Colombia,1982,2024-07-14,Argentina,0,1,Colombia 0 - 1 Argentina,Copa America
Colombia,1982,2024-09-06,Peru,1,1,Colombia 1 - 1 Peru,World Cup qualifier
Colombia,1982,2024-09-10,Argentina,2,1,Colombia 2 - 1 Argentina,World Cup qualifier
Colombia,1982,2024-10-10,Bolivia,0,1,Colombia 0 - 1 Bolivia,World Cup qualifier
Colombia,1982,2024-10-15,Chile,4,0,Colombia 4 - 0 Chile,World Cup qualifier
Colombia,1982,2024-11-15,Uruguay,2,3,Colombia 2 - 3 Uruguay,World Cup qualifier
Colombia,1982,2024-11-19,Ecuador,0,1,Colombia 0 - 1 Ecuador,World Cup qualifier
Colombia,1982,2025-03-20,Brazil,1,2,Colombia 1 - 2 Brazil,World Cup qualifier
Colombia,1982,2025-03-25,Paraguay,2,2,Colombia 2 - 2 Paraguay,World Cup qualifier
Colombia,1982,2025-06-06,Peru,0,0,Colombia 0 - 0 Peru,World Cup qualifier
Colombia,1982,2025-06-10,Argentina,1,1,Colombia 1 - 1 Argentina,World Cup qualifier
Colombia,1982,2025-09-04,Bolivia,3,0,Colombia 3 - 0 Bolivia,World Cup qualifier
Colombia,1982,2025-09-09,Venezuela,6,3,Colombia 6 - 3 Venezuela,World Cup qualifier
Colombia,1982,2025-10-11,Mexico,4,0,Colombia 4 - 0 Mexico,Friendly
Colombia,1982,2025-10-14,Canada,0,0,Colombia 0 - 0 Canada,Friendly
Colombia,1982,2025-11-15,New Zealand,2,1,Colombia 2 - 1 New Zealand,Friendly
Colombia,1982,2025-11-18,Australia,3,0,Colombia 3 - 0 Australia,Friendly
Colombia,1982,2026-03-26,Croatia,1,2,Colombia 1 - 2 Croatia,Friendly
Colombia,1982,2026-03-29,France,1,3,Colombia 1 - 3 France,Friendly
Colombia,1982,2026-06-01,Costa Rica,3,1,Colombia 3 - 1 Costa Rica,Friendly
Colombia,1982,2026-06-07,Jordan,2,0,Colombia 2 - 0 Jordan,Friendly
Netherlands,1948,2024-06-21,France,0,0,Netherlands 0 - 0 France,European Championship
Netherlands,1948,2024-06-25,Austria,2,3,Netherlands 2 - 3 Austria,European Championship
Netherlands,1948,2024-07-02,Romania,3,0,Netherlands 3 - 0 Romania,European Championship
Netherlands,1948,2024-07-06,Turkey,2,1,Netherlands 2 - 1 Turkey,European Championship
Netherlands,1948,2024-07-10,England,1,2,Netherlands 1 - 2 England,European Championship
Netherlands,1948,2024-09-07,Bosnia and Herzegovina,5,2,Netherlands 5 - 2 Bosnia and Herzegovina,European Nations League A
Netherlands,1948,2024-09-10,Germany,2,2,Netherlands 2 - 2 Germany,European Nations League A
Netherlands,1948,2024-10-11,Hungary,1,1,Netherlands 1 - 1 Hungary,European Nations League A
Netherlands,1948,2024-10-14,Germany,0,1,Netherlands 0 - 1 Germany,European Nations League A
Netherlands,1948,2024-11-16,Hungary,4,0,Netherlands 4 - 0 Hungary,European Nations League A
Netherlands,1948,2024-11-19,Bosnia and Herzegovina,1,1,Netherlands 1 - 1 Bosnia and Herzegovina,European Nations League A
Netherlands,1948,2025-03-20,Spain,2,2,Netherlands 2 - 2 Spain,European Nations League
Netherlands,1948,2025-03-23,Spain,3,3,Netherlands 3 - 3 Spain,European Nations League
Netherlands,1948,2025-06-07,Finland,2,0,Netherlands 2 - 0 Finland,World Cup qualifier
Netherlands,1948,2025-06-10,Malta,8,0,Netherlands 8 - 0 Malta,World Cup qualifier
Netherlands,1948,2025-09-04,Poland,1,1,Netherlands 1 - 1 Poland,World Cup qualifier
Netherlands,1948,2025-09-07,Lithuania,3,2,Netherlands 3 - 2 Lithuania,World Cup qualifier
Netherlands,1948,2025-10-09,Malta,4,0,Netherlands 4 - 0 Malta,World Cup qualifier
Netherlands,1948,2025-10-12,Finland,4,0,Netherlands 4 - 0 Finland,World Cup qualifier
Netherlands,1948,2025-11-14,Poland,1,1,Netherlands 1 - 1 Poland,World Cup qualifier
Netherlands,1948,2025-11-17,Lithuania,4,0,Netherlands 4 - 0 Lithuania,World Cup qualifier
Netherlands,1948,2026-03-27,Norway,2,1,Netherlands 2 - 1 Norway,Friendly
Netherlands,1948,2026-03-31,Ecuador,1,1,Netherlands 1 - 1 Ecuador,Friendly
Netherlands,1948,2026-06-03,Algeria,0,1,Netherlands 0 - 1 Algeria,Friendly
Netherlands,1948,2026-06-08,Uzbekistan,2,1,Netherlands 2 - 1 Uzbekistan,Friendly
Ecuador,1938,2024-06-16,Honduras,2,1,Ecuador 2 - 1 Honduras,Friendly
Ecuador,1938,2024-06-22,Venezuela,1,2,Ecuador 1 - 2 Venezuela,Copa America
Ecuador,1938,2024-06-26,Jamaica,3,1,Ecuador 3 - 1 Jamaica,Copa America
Ecuador,1938,2024-06-30,Mexico,0,0,Ecuador 0 - 0 Mexico,Copa America
Ecuador,1938,2024-07-04,Argentina,1,1,Ecuador 1 - 1 Argentina,Copa America
Ecuador,1938,2024-09-06,Brazil,0,1,Ecuador 0 - 1 Brazil,World Cup qualifier
Ecuador,1938,2024-09-10,Peru,1,0,Ecuador 1 - 0 Peru,World Cup qualifier
Ecuador,1938,2024-10-10,Paraguay,0,0,Ecuador 0 - 0 Paraguay,World Cup qualifier
Ecuador,1938,2024-10-15,Uruguay,0,0,Ecuador 0 - 0 Uruguay,World Cup qualifier
Ecuador,1938,2024-11-14,Bolivia,4,0,Ecuador 4 - 0 Bolivia,World Cup qualifier
Ecuador,1938,2024-11-19,Colombia,1,0,Ecuador 1 - 0 Colombia,World Cup qualifier
Ecuador,1938,2025-03-21,Venezuela,2,1,Ecuador 2 - 1 Venezuela,World Cup qualifier
Ecuador,1938,2025-03-25,Chile,0,0,Ecuador 0 - 0 Chile,World Cup qualifier
Ecuador,1938,2025-06-05,Brazil,0,0,Ecuador 0 - 0 Brazil,World Cup qualifier
Ecuador,1938,2025-06-10,Peru,0,0,Ecuador 0 - 0 Peru,World Cup qualifier
Ecuador,1938,2025-09-04,Paraguay,0,0,Ecuador 0 - 0 Paraguay,World Cup qualifier
Ecuador,1938,2025-09-09,Argentina,1,0,Ecuador 1 - 0 Argentina,World Cup qualifier
Ecuador,1938,2025-10-10,United States,1,1,Ecuador 1 - 1 United States,Friendly
Ecuador,1938,2025-10-14,Mexico,1,1,Ecuador 1 - 1 Mexico,Friendly
Ecuador,1938,2025-11-13,Canada,0,0,Ecuador 0 - 0 Canada,Friendly
Ecuador,1938,2025-11-18,New Zealand,2,0,Ecuador 2 - 0 New Zealand,Friendly
Ecuador,1938,2026-03-27,Morocco,1,1,Ecuador 1 - 1 Morocco,Friendly
Ecuador,1938,2026-03-31,Netherlands,1,1,Ecuador 1 - 1 Netherlands,Friendly
Ecuador,1938,2026-05-30,Saudi Arabia,2,1,Ecuador 2 - 1 Saudi Arabia,Friendly
Ecuador,1938,2026-06-07,Guatemala,3,0,Ecuador 3 - 0 Guatemala,Friendly
Germany,1932,2024-06-14,Scotland,5,1,Germany 5 - 1 Scotland,European Championship
Germany,1932,2024-06-19,Hungary,2,0,Germany 2 - 0 Hungary,European Championship
Germany,1932,2024-06-23,Switzerland,1,1,Germany 1 - 1 Switzerland,European Championship
Germany,1932,2024-06-29,Denmark,2,0,Germany 2 - 0 Denmark,European Championship
Germany,1932,2024-07-05,Spain,1,2,Germany 1 - 2 Spain,European Championship
Germany,1932,2024-09-07,Hungary,5,0,Germany 5 - 0 Hungary,European Nations League A
Germany,1932,2024-09-10,Netherlands,2,2,Germany 2 - 2 Netherlands,European Nations League A
Germany,1932,2024-10-11,Bosnia and Herzegovina,2,1,Germany 2 - 1 Bosnia and Herzegovina,European Nations League A
Germany,1932,2024-10-14,Netherlands,1,0,Germany 1 - 0 Netherlands,European Nations League A
Germany,1932,2024-11-16,Bosnia and Herzegovina,7,0,Germany 7 - 0 Bosnia and Herzegovina,European Nations League A
Germany,1932,2024-11-19,Hungary,1,1,Germany 1 - 1 Hungary,European Nations League A
Germany,1932,2025-03-20,Italy,2,1,Germany 2 - 1 Italy,European Nations League
Germany,1932,2025-03-23,Italy,3,3,Germany 3 - 3 Italy,European Nations League
Germany,1932,2025-06-04,Portugal,1,2,Germany 1 - 2 Portugal,European Nations League
Germany,1932,2025-06-08,France,0,2,Germany 0 - 2 France,European Nations League
Germany,1932,2025-09-04,Slovakia,0,2,Germany 0 - 2 Slovakia,World Cup qualifier
Germany,1932,2025-09-07,Northern Ireland,3,1,Germany 3 - 1 Northern Ireland,World Cup qualifier
Germany,1932,2025-10-10,Luxembourg,4,0,Germany 4 - 0 Luxembourg,World Cup qualifier
Germany,1932,2025-10-13,Northern Ireland,1,0,Germany 1 - 0 Northern Ireland,World Cup qualifier
Germany,1932,2025-11-14,Luxembourg,2,0,Germany 2 - 0 Luxembourg,World Cup qualifier
Germany,1932,2025-11-17,Slovakia,6,0,Germany 6 - 0 Slovakia,World Cup qualifier
Germany,1932,2026-03-27,Switzerland,4,3,Germany 4 - 3 Switzerland,Friendly
Germany,1932,2026-03-30,Ghana,2,1,Germany 2 - 1 Ghana,Friendly
Germany,1932,2026-05-31,Finland,4,0,Germany 4 - 0 Finland,Friendly
Germany,1932,2026-06-06,United States,2,1,Germany 2 - 1 United States,Friendly
